university,department_code,url
usc,ACAD,https://www.coursicle.com/usc/courses/ACAD/
usc,ACCT,https://www.coursicle.com/usc/courses/ACCT/
usc,ACMD,https://www.coursicle.com/usc/courses/ACMD/
usc,ADNT,https://www.coursicle.com/usc/courses/ADNT/
usc,ADSC,https://www.coursicle.com/usc/courses/ADSC/
usc,AEST,https://www.coursicle.com/usc/courses/AEST/
usc,AHIS,https://www.coursicle.com/usc/courses/AHIS/
usc,ALI,https://www.coursicle.com/usc/courses/ALI/
usc,AME,https://www.coursicle.com/usc/courses/AME/
usc,AMST,https://www.coursicle.com/usc/courses/AMST/
usc,ANAT,https://www.coursicle.com/usc/courses/ANAT/
usc,ANST,https://www.coursicle.com/usc/courses/ANST/
usc,ANTH,https://www.coursicle.com/usc/courses/ANTH/
usc,ARAB,https://www.coursicle.com/usc/courses/ARAB/
usc,ARCG,https://www.coursicle.com/usc/courses/ARCG/
usc,ARCH,https://www.coursicle.com/usc/courses/ARCH/
usc,ARLT,https://www.coursicle.com/usc/courses/ARLT/
usc,ART,https://www.coursicle.com/usc/courses/ART/
usc,ARTL,https://www.coursicle.com/usc/courses/ARTL/
usc,ARTS,https://www.coursicle.com/usc/courses/ARTS/
usc,ASCJ,https://www.coursicle.com/usc/courses/ASCJ/
usc,ASTE,https://www.coursicle.com/usc/courses/ASTE/
usc,ASTR,https://www.coursicle.com/usc/courses/ASTR/
usc,BAEP,https://www.coursicle.com/usc/courses/BAEP/
usc,BIOC,https://www.coursicle.com/usc/courses/BIOC/
usc,BISC,https://www.coursicle.com/usc/courses/BISC/
usc,BITE,https://www.coursicle.com/usc/courses/BITE/
usc,BKN,https://www.coursicle.com/usc/courses/BKN/
usc,BMDD,https://www.coursicle.com/usc/courses/BMDD/
usc,BME,https://www.coursicle.com/usc/courses/BME/
usc,BPMK,https://www.coursicle.com/usc/courses/BPMK/
usc,BPSI,https://www.coursicle.com/usc/courses/BPSI/
usc,BUAD,https://www.coursicle.com/usc/courses/BUAD/
usc,BUCO,https://www.coursicle.com/usc/courses/BUCO/
usc,CBG,https://www.coursicle.com/usc/courses/CBG/
usc,CBY,https://www.coursicle.com/usc/courses/CBY/
usc,CE,https://www.coursicle.com/usc/courses/CE/
usc,CGSC,https://www.coursicle.com/usc/courses/CGSC/
usc,CHE,https://www.coursicle.com/usc/courses/CHE/
usc,CHEM,https://www.coursicle.com/usc/courses/CHEM/
usc,CJ,https://www.coursicle.com/usc/courses/CJ/
usc,CLAS,https://www.coursicle.com/usc/courses/CLAS/
usc,CMGT,https://www.coursicle.com/usc/courses/CMGT/
usc,CMPP,https://www.coursicle.com/usc/courses/CMPP/
usc,CNB,https://www.coursicle.com/usc/courses/CNB/
usc,CNTV,https://www.coursicle.com/usc/courses/CNTV/
usc,COH,https://www.coursicle.com/usc/courses/COH/
usc,COLT,https://www.coursicle.com/usc/courses/COLT/
usc,COMM,https://www.coursicle.com/usc/courses/COMM/
usc,CORE,https://www.coursicle.com/usc/courses/CORE/
usc,CRIT,https://www.coursicle.com/usc/courses/CRIT/
usc,CSCI,https://www.coursicle.com/usc/courses/CSCI/
usc,CSLC,https://www.coursicle.com/usc/courses/CSLC/
usc,CTAN,https://www.coursicle.com/usc/courses/CTAN/
usc,CTCS,https://www.coursicle.com/usc/courses/CTCS/
usc,CTIN,https://www.coursicle.com/usc/courses/CTIN/
usc,CTPR,https://www.coursicle.com/usc/courses/CTPR/
usc,CTWR,https://www.coursicle.com/usc/courses/CTWR/
usc,CTXA,https://www.coursicle.com/usc/courses/CTXA/
usc,CXPT,https://www.coursicle.com/usc/courses/CXPT/
usc,DANC,https://www.coursicle.com/usc/courses/DANC/
usc,DCL,https://www.coursicle.com/usc/courses/DCL/
usc,DENT,https://www.coursicle.com/usc/courses/DENT/
usc,DES,https://www.coursicle.com/usc/courses/DES/
usc,DHIS,https://www.coursicle.com/usc/courses/DHIS/
usc,DHYG,https://www.coursicle.com/usc/courses/DHYG/
usc,DMM,https://www.coursicle.com/usc/courses/DMM/
usc,DPBL,https://www.coursicle.com/usc/courses/DPBL/
usc,DPHR,https://www.coursicle.com/usc/courses/DPHR/
usc,DSCI,https://www.coursicle.com/usc/courses/DSCI/
usc,DSM,https://www.coursicle.com/usc/courses/DSM/
usc,DSO,https://www.coursicle.com/usc/courses/DSO/
usc,DSR,https://www.coursicle.com/usc/courses/DSR/
usc,EALC,https://www.coursicle.com/usc/courses/EALC/
usc,EASC,https://www.coursicle.com/usc/courses/EASC/
usc,ECON,https://www.coursicle.com/usc/courses/ECON/
usc,EDCO,https://www.coursicle.com/usc/courses/EDCO/
usc,EDHP,https://www.coursicle.com/usc/courses/EDHP/
usc,EDPT,https://www.coursicle.com/usc/courses/EDPT/
usc,EDUC,https://www.coursicle.com/usc/courses/EDUC/
usc,EDUE,https://www.coursicle.com/usc/courses/EDUE/
usc,EE,https://www.coursicle.com/usc/courses/EE/
usc,EIS,https://www.coursicle.com/usc/courses/EIS/
usc,EM,https://www.coursicle.com/usc/courses/EM/
usc,ENDO,https://www.coursicle.com/usc/courses/ENDO/
usc,ENE,https://www.coursicle.com/usc/courses/ENE/
usc,ENGL,https://www.coursicle.com/usc/courses/ENGL/
usc,ENGR,https://www.coursicle.com/usc/courses/ENGR/
usc,ENST,https://www.coursicle.com/usc/courses/ENST/
usc,FBE,https://www.coursicle.com/usc/courses/FBE/
usc,FDN,https://www.coursicle.com/usc/courses/FDN/
usc,FREN,https://www.coursicle.com/usc/courses/FREN/
usc,FSEM,https://www.coursicle.com/usc/courses/FSEM/
usc,GCT,https://www.coursicle.com/usc/courses/GCT/
usc,GDEN,https://www.coursicle.com/usc/courses/GDEN/
usc,GEOG,https://www.coursicle.com/usc/courses/GEOG/
usc,GEOL,https://www.coursicle.com/usc/courses/GEOL/
usc,GERM,https://www.coursicle.com/usc/courses/GERM/
usc,GERO,https://www.coursicle.com/usc/courses/GERO/
usc,GESM,https://www.coursicle.com/usc/courses/GESM/
usc,GPG,https://www.coursicle.com/usc/courses/GPG/
usc,GPH,https://www.coursicle.com/usc/courses/GPH/
usc,GPPD,https://www.coursicle.com/usc/courses/GPPD/
usc,GPR,https://www.coursicle.com/usc/courses/GPR/
usc,GR,https://www.coursicle.com/usc/courses/GR/
usc,GSBA,https://www.coursicle.com/usc/courses/GSBA/
usc,GSEC,https://www.coursicle.com/usc/courses/GSEC/
usc,HBIO,https://www.coursicle.com/usc/courses/HBIO/
usc,HCDA,https://www.coursicle.com/usc/courses/HCDA/
usc,HEBR,https://www.coursicle.com/usc/courses/HEBR/
usc,HINQ,https://www.coursicle.com/usc/courses/HINQ/
usc,HIST,https://www.coursicle.com/usc/courses/HIST/
usc,HMGT,https://www.coursicle.com/usc/courses/HMGT/
usc,HP,https://www.coursicle.com/usc/courses/HP/
usc,HRM,https://www.coursicle.com/usc/courses/HRM/
usc,HT,https://www.coursicle.com/usc/courses/HT/
usc,IAS,https://www.coursicle.com/usc/courses/IAS/
usc,IDSN,https://www.coursicle.com/usc/courses/IDSN/
usc,IML,https://www.coursicle.com/usc/courses/IML/
usc,INDS,https://www.coursicle.com/usc/courses/INDS/
usc,INF,https://www.coursicle.com/usc/courses/INF/
usc,INTD,https://www.coursicle.com/usc/courses/INTD/
usc,IR,https://www.coursicle.com/usc/courses/IR/
usc,IRAN,https://www.coursicle.com/usc/courses/IRAN/
usc,ISE,https://www.coursicle.com/usc/courses/ISE/
usc,ITAL,https://www.coursicle.com/usc/courses/ITAL/
usc,ITP,https://www.coursicle.com/usc/courses/ITP/
usc,JOUR,https://www.coursicle.com/usc/courses/JOUR/
usc,JS,https://www.coursicle.com/usc/courses/JS/
usc,LAT,https://www.coursicle.com/usc/courses/LAT/
usc,LAW,https://www.coursicle.com/usc/courses/LAW/
usc,LBST,https://www.coursicle.com/usc/courses/LBST/
usc,LIFE,https://www.coursicle.com/usc/courses/LIFE/
usc,LIM,https://www.coursicle.com/usc/courses/LIM/
usc,LING,https://www.coursicle.com/usc/courses/LING/
usc,MASC,https://www.coursicle.com/usc/courses/MASC/
usc,MATH,https://www.coursicle.com/usc/courses/MATH/
usc,MBPH,https://www.coursicle.com/usc/courses/MBPH/
usc,MDA,https://www.coursicle.com/usc/courses/MDA/
usc,MDED,https://www.coursicle.com/usc/courses/MDED/
usc,MDES,https://www.coursicle.com/usc/courses/MDES/
usc,MED,https://www.coursicle.com/usc/courses/MED/
usc,MEDB,https://www.coursicle.com/usc/courses/MEDB/
usc,MEDS,https://www.coursicle.com/usc/courses/MEDS/
usc,MICB,https://www.coursicle.com/usc/courses/MICB/
usc,MKT,https://www.coursicle.com/usc/courses/MKT/
usc,MOR,https://www.coursicle.com/usc/courses/MOR/
usc,MPEM,https://www.coursicle.com/usc/courses/MPEM/
usc,MPGU,https://www.coursicle.com/usc/courses/MPGU/
usc,MPHY,https://www.coursicle.com/usc/courses/MPHY/
usc,MPKS,https://www.coursicle.com/usc/courses/MPKS/
usc,MPPM,https://www.coursicle.com/usc/courses/MPPM/
usc,MPST,https://www.coursicle.com/usc/courses/MPST/
usc,MPTX,https://www.coursicle.com/usc/courses/MPTX/
usc,MPVA,https://www.coursicle.com/usc/courses/MPVA/
usc,MPW,https://www.coursicle.com/usc/courses/MPW/
usc,MPWP,https://www.coursicle.com/usc/courses/MPWP/
usc,MS,https://www.coursicle.com/usc/courses/MS/
usc,MSCR,https://www.coursicle.com/usc/courses/MSCR/
usc,MSS,https://www.coursicle.com/usc/courses/MSS/
usc,MTAL,https://www.coursicle.com/usc/courses/MTAL/
usc,MTEC,https://www.coursicle.com/usc/courses/MTEC/
usc,MUCD,https://www.coursicle.com/usc/courses/MUCD/
usc,MUCM,https://www.coursicle.com/usc/courses/MUCM/
usc,MUCO,https://www.coursicle.com/usc/courses/MUCO/
usc,MUEN,https://www.coursicle.com/usc/courses/MUEN/
usc,MUHL,https://www.coursicle.com/usc/courses/MUHL/
usc,MUIN,https://www.coursicle.com/usc/courses/MUIN/
usc,MUJZ,https://www.coursicle.com/usc/courses/MUJZ/
usc,MUSC,https://www.coursicle.com/usc/courses/MUSC/
usc,NAUT,https://www.coursicle.com/usc/courses/NAUT/
usc,NEUM,https://www.coursicle.com/usc/courses/NEUM/
usc,NEUR,https://www.coursicle.com/usc/courses/NEUR/
usc,NIIN,https://www.coursicle.com/usc/courses/NIIN/
usc,NSC,https://www.coursicle.com/usc/courses/NSC/
usc,NSCI,https://www.coursicle.com/usc/courses/NSCI/
usc,OFP,https://www.coursicle.com/usc/courses/OFP/
usc,OFPM,https://www.coursicle.com/usc/courses/OFPM/
usc,OHNS,https://www.coursicle.com/usc/courses/OHNS/
usc,OPER,https://www.coursicle.com/usc/courses/OPER/
usc,OPR,https://www.coursicle.com/usc/courses/OPR/
usc,ORTH,https://www.coursicle.com/usc/courses/ORTH/
usc,OS,https://www.coursicle.com/usc/courses/OS/
usc,OT,https://www.coursicle.com/usc/courses/OT/
usc,PAIN,https://www.coursicle.com/usc/courses/PAIN/
usc,PATH,https://www.coursicle.com/usc/courses/PATH/
usc,PBHS,https://www.coursicle.com/usc/courses/PBHS/
usc,PCPA,https://www.coursicle.com/usc/courses/PCPA/
usc,PEDO,https://www.coursicle.com/usc/courses/PEDO/
usc,PERI,https://www.coursicle.com/usc/courses/PERI/
usc,PHBI,https://www.coursicle.com/usc/courses/PHBI/
usc,PHED,https://www.coursicle.com/usc/courses/PHED/
usc,PHIL,https://www.coursicle.com/usc/courses/PHIL/
usc,PHRD,https://www.coursicle.com/usc/courses/PHRD/
usc,PHYS,https://www.coursicle.com/usc/courses/PHYS/
usc,PJMT,https://www.coursicle.com/usc/courses/PJMT/
usc,PLUS,https://www.coursicle.com/usc/courses/PLUS/
usc,PM,https://www.coursicle.com/usc/courses/PM/
usc,PMEP,https://www.coursicle.com/usc/courses/PMEP/
usc,POIR,https://www.coursicle.com/usc/courses/POIR/
usc,PORT,https://www.coursicle.com/usc/courses/PORT/
usc,POSC,https://www.coursicle.com/usc/courses/POSC/
usc,PPD,https://www.coursicle.com/usc/courses/PPD/
usc,PPDE,https://www.coursicle.com/usc/courses/PPDE/
usc,PR,https://www.coursicle.com/usc/courses/PR/
usc,PRIN,https://www.coursicle.com/usc/courses/PRIN/
usc,PRSM,https://www.coursicle.com/usc/courses/PRSM/
usc,PSC,https://www.coursicle.com/usc/courses/PSC/
usc,PSCI,https://www.coursicle.com/usc/courses/PSCI/
usc,PSYC,https://www.coursicle.com/usc/courses/PSYC/
usc,PT,https://www.coursicle.com/usc/courses/PT/
usc,PTE,https://www.coursicle.com/usc/courses/PTE/
usc,PTHL,https://www.coursicle.com/usc/courses/PTHL/
usc,PUBD,https://www.coursicle.com/usc/courses/PUBD/
usc,QBIO,https://www.coursicle.com/usc/courses/QBIO/
usc,QREA,https://www.coursicle.com/usc/courses/QREA/
usc,RED,https://www.coursicle.com/usc/courses/RED/
usc,REL,https://www.coursicle.com/usc/courses/REL/
usc,REST,https://www.coursicle.com/usc/courses/REST/
usc,RISK,https://www.coursicle.com/usc/courses/RISK/
usc,RNR,https://www.coursicle.com/usc/courses/RNR/
usc,RSCI,https://www.coursicle.com/usc/courses/RSCI/
usc,RUSS,https://www.coursicle.com/usc/courses/RUSS/
usc,RXRS,https://www.coursicle.com/usc/courses/RXRS/
usc,SAE,https://www.coursicle.com/usc/courses/SAE/
usc,SANA,https://www.coursicle.com/usc/courses/SANA/
usc,SCDC,https://www.coursicle.com/usc/courses/SCDC/
usc,SCIN,https://www.coursicle.com/usc/courses/SCIN/
usc,SCIS,https://www.coursicle.com/usc/courses/SCIS/
usc,SCOR,https://www.coursicle.com/usc/courses/SCOR/
usc,SCRM,https://www.coursicle.com/usc/courses/SCRM/
usc,SGY,https://www.coursicle.com/usc/courses/SGY/
usc,SI,https://www.coursicle.com/usc/courses/SI/
usc,SLL,https://www.coursicle.com/usc/courses/SLL/
usc,SMGT,https://www.coursicle.com/usc/courses/SMGT/
usc,SOCI,https://www.coursicle.com/usc/courses/SOCI/
usc,SOWK,https://www.coursicle.com/usc/courses/SOWK/
usc,SPAN,https://www.coursicle.com/usc/courses/SPAN/
usc,SSCI,https://www.coursicle.com/usc/courses/SSCI/
usc,SURG,https://www.coursicle.com/usc/courses/SURG/
usc,SWKC,https://www.coursicle.com/usc/courses/SWKC/
usc,SWKO,https://www.coursicle.com/usc/courses/SWKO/
usc,SWMS,https://www.coursicle.com/usc/courses/SWMS/
usc,TAC,https://www.coursicle.com/usc/courses/TAC/
usc,THTE,https://www.coursicle.com/usc/courses/THTE/
usc,THTR,https://www.coursicle.com/usc/courses/THTR/
usc,TRGN,https://www.coursicle.com/usc/courses/TRGN/
usc,USC,https://www.coursicle.com/usc/courses/USC/
usc,WCT,https://www.coursicle.com/usc/courses/WCT/
usc,WRIT,https://www.coursicle.com/usc/courses/WRIT/
