name,location,country,subdomain,url
Southern New Hampshire University,"Manchester, New Hampshire",🇺🇸,snhu,https://www.coursicle.com/snhu/
"Ivy Tech Community College, Indianapolis","Indianapolis, Indiana",🇺🇸,ivytechindianapolis,https://www.coursicle.com/ivytechindianapolis/
Arizona State University,"Tempe, Arizona",🇺🇸,asu,https://www.coursicle.com/asu/
Texas A&M University,"College Station, Texas",🇺🇸,tamu,https://www.coursicle.com/tamu/
University of Central Florida,"Orlando, Florida",🇺🇸,ucf,https://www.coursicle.com/ucf/
The University of British Columbia,"Vancouver, British Columbia",🇨🇦,ubc,https://www.coursicle.com/ubc/
University of Maryland Global Campus,"Adelphi, Maryland",🇺🇸,umgc,https://www.coursicle.com/umgc/
Ohio State University,"Columbus, Ohio",🇺🇸,osu,https://www.coursicle.com/osu/
Miami Dade College,"Miami, Florida",🇺🇸,mdc,https://www.coursicle.com/mdc/
New York University,"New York, New York",🇺🇸,nyu,https://www.coursicle.com/nyu/
University of Illinois at Urbana-Champaign,"Champaign, Illinois",🇺🇸,illinois,https://www.coursicle.com/illinois/
"Miami Dade College, Kendall","Miami, Florida",🇺🇸,mdckendall,https://www.coursicle.com/mdckendall/
University of Washington,"Seattle, Washington",🇺🇸,uw,https://www.coursicle.com/uw/
"University of Minnesota, Twin Cities","Minneapolis, Minnesota",🇺🇸,umn,https://www.coursicle.com/umn/
University of Florida,"Gainesville, Florida",🇺🇸,ufl,https://www.coursicle.com/ufl/
Florida International University,"Miami, Florida",🇺🇸,fiu,https://www.coursicle.com/fiu/
"Northern Virginia Community College, Woodbridge","Woodbridge, Virginia",🇺🇸,nvccwoodbridge,https://www.coursicle.com/nvccwoodbridge/
University of Texas at Austin,"Austin, Texas",🇺🇸,utexas,https://www.coursicle.com/utexas/
University of Arizona,"Tucson, Arizona",🇺🇸,arizona,https://www.coursicle.com/arizona/
Purdue University,"West Lafayette, Indiana",🇺🇸,purdue,https://www.coursicle.com/purdue/
University of Michigan,"Ann Arbor, Michigan",🇺🇸,umich,https://www.coursicle.com/umich/
Michigan State University,"East Lansing, Michigan",🇺🇸,msu,https://www.coursicle.com/msu/
Rutgers University - New Brunswick,"New Brunswick, New Jersey",🇺🇸,rutgers,https://www.coursicle.com/rutgers/
Pennsylvania State University,"University Park, Pennsylvania",🇺🇸,psu,https://www.coursicle.com/psu/
"Houston Community College, Central","Houston, Texas",🇺🇸,centralhccs,https://www.coursicle.com/centralhccs/
University of Wisconsin-Madison,"Madison, Wisconsin",🇺🇸,wisc,https://www.coursicle.com/wisc/
University of South Florida,"Tampa, Florida",🇺🇸,usf,https://www.coursicle.com/usf/
Georgia Institute of Technology,"Atlanta, Georgia",🇺🇸,gatech,https://www.coursicle.com/gatech/
Indiana University Bloomington,"Bloomington, Indiana",🇺🇸,indiana,https://www.coursicle.com/indiana/
University of North Texas,"Denton, Texas",🇺🇸,unt,https://www.coursicle.com/unt/
Tarrant County College,"Fort Worth, Texas",🇺🇸,tccd,https://www.coursicle.com/tccd/
University of Southern California,"Los Angeles, California",🇺🇸,usc,https://www.coursicle.com/usc/
"University of California, Los Angeles","Los Angeles, California",🇺🇸,ucla,https://www.coursicle.com/ucla/
University of Houston,"Houston, Texas",🇺🇸,uh,https://www.coursicle.com/uh/
Concordia University,"Montreal, Quebec",🇨🇦,concordiaca,https://www.coursicle.com/concordiaca/
"University of California, Berkeley","Berkeley, California",🇺🇸,berkeley,https://www.coursicle.com/berkeley/
Kennesaw State University,"Kennesaw, Georgia",🇺🇸,kennesaw,https://www.coursicle.com/kennesaw/
Utah Valley University,"Orem, Utah",🇺🇸,uvu,https://www.coursicle.com/uvu/
University of Texas at Arlington,"Arlington, Texas",🇺🇸,uta,https://www.coursicle.com/uta/
University of Cincinnati,"Cincinnati, Ohio",🇺🇸,uc,https://www.coursicle.com/uc/
"Valencia College, Winter Park","Winter Park, Florida",🇺🇸,valenciacollegewp,https://www.coursicle.com/valenciacollegewp/
University of Ottawa,"Ottawa, Ontario",🇨🇦,uottawaca,https://www.coursicle.com/uottawaca/
"University of California, San Diego","La Jolla, California",🇺🇸,ucsd,https://www.coursicle.com/ucsd/
University of Waterloo,"Waterloo, Ontario",🇨🇦,uwaterloo,https://www.coursicle.com/uwaterloo/
"California State University, Fullerton","Fullerton, California",🇺🇸,fullerton,https://www.coursicle.com/fullerton/
University of Georgia,"Athens, Georgia",🇺🇸,uga,https://www.coursicle.com/uga/
University of Colorado Boulder,"Boulder, Colorado",🇺🇸,colorado,https://www.coursicle.com/colorado/
"University of Maryland, College Park","College Park, Maryland",🇺🇸,umd,https://www.coursicle.com/umd/
Texas Tech University,"Lubbock, Texas",🇺🇸,ttu,https://www.coursicle.com/ttu/
McGill University,"Montreal, Quebec",🇨🇦,mcgillca,https://www.coursicle.com/mcgillca/
"University of California, Davis","Davis, California",🇺🇸,ucdavis,https://www.coursicle.com/ucdavis/
University of Alabama,"Tuscaloosa, Alabama",🇺🇸,ua,https://www.coursicle.com/ua/
George Mason University,"Fairfax, Virginia",🇺🇸,gmu,https://www.coursicle.com/gmu/
Louisiana State University,"Baton Rouge, Louisiana",🇺🇸,lsu,https://www.coursicle.com/lsu/
San Diego State University,"San Diego, California",🇺🇸,sdsu,https://www.coursicle.com/sdsu/
"Miami Dade College, West","Doral, Florida",🇺🇸,mdcwest,https://www.coursicle.com/mdcwest/
Texas State University,"San Marcos, Texas",🇺🇸,txstate,https://www.coursicle.com/txstate/
Virginia Polytechnic Institute and State University,"Blacksburg, Virginia",🇺🇸,vt,https://www.coursicle.com/vt/
Collin College,"McKinney, Texas",🇺🇸,collin,https://www.coursicle.com/collin/
Florida State College at Jacksonville,"Jacksonville, Florida",🇺🇸,fscj,https://www.coursicle.com/fscj/
North Carolina State University,"Raleigh, North Carolina",🇺🇸,ncsu,https://www.coursicle.com/ncsu/
Boston University,"Boston, Massachusetts",🇺🇸,bu,https://www.coursicle.com/bu/
"University of California, Irvine","Irvine, California",🇺🇸,uci,https://www.coursicle.com/uci/
University of South Carolina,"Columbia, South Carolina",🇺🇸,sc,https://www.coursicle.com/sc/
University of Tennessee,"Knoxville, Tennessee",🇺🇸,utk,https://www.coursicle.com/utk/
San Jose State University,"San Jose, California",🇺🇸,sjsu,https://www.coursicle.com/sjsu/
Oregon State University,"Corvallis, Oregon",🇺🇸,oregonstate,https://www.coursicle.com/oregonstate/
Columbia University,"New York, New York",🇺🇸,columbia,https://www.coursicle.com/columbia/
University of Utah,"Salt Lake City, Utah",🇺🇸,utah,https://www.coursicle.com/utah/
Brigham Young University,"Provo, Utah",🇺🇸,byu,https://www.coursicle.com/byu/
Georgia State University,"Atlanta, Georgia",🇺🇸,gsu,https://www.coursicle.com/gsu/
University of Texas San Antonio,"San Antonio, Texas",🇺🇸,utsa,https://www.coursicle.com/utsa/
University of Pittsburgh,"Pittsburgh, Pennsylvania",🇺🇸,pitt,https://www.coursicle.com/pitt/
Simon Fraser University,"Burnaby, British Columbia",🇨🇦,sfuca,https://www.coursicle.com/sfuca/
University of Illinois at Chicago,"Chicago, Illinois",🇺🇸,uic,https://www.coursicle.com/uic/
Colorado State University,"Fort Collins, Colorado",🇺🇸,colostate,https://www.coursicle.com/colostate/
Auburn University,"Auburn, Alabama",🇺🇸,auburn,https://www.coursicle.com/auburn/
University of Kentucky,"Lexington, Kentucky",🇺🇸,uky,https://www.coursicle.com/uky/
University of North Carolina at Chapel Hill,"Chapel Hill, North Carolina",🇺🇸,unc,https://www.coursicle.com/unc/
University of Arkansas,"Fayetteville, Arkansas",🇺🇸,uark,https://www.coursicle.com/uark/
University of Texas Rio Grande Valley,"Edinburg, Texas",🇺🇸,utrgv,https://www.coursicle.com/utrgv/
University at Buffalo,"Buffalo, New York",🇺🇸,buffalo,https://www.coursicle.com/buffalo/
University of Massachusetts Amherst,"Amherst, Massachusetts",🇺🇸,umass,https://www.coursicle.com/umass/
McMaster University,"Hamilton, Ontario",🇨🇦,mcmasterca,https://www.coursicle.com/mcmasterca/
"California State University, Sacramento","Sacramento, California",🇺🇸,csus,https://www.coursicle.com/csus/
Northeastern University,"Boston, Massachusetts",🇺🇸,neu,https://www.coursicle.com/neu/
"University of Nevada, Las Vegas","Las Vegas, Nevada",🇺🇸,unlv,https://www.coursicle.com/unlv/
University of Missouri,"Columbia, Missouri",🇺🇸,missouri,https://www.coursicle.com/missouri/
University of Texas at Dallas,"Richardson, Texas",🇺🇸,utdallas,https://www.coursicle.com/utdallas/
Florida Atlantic University,"Boca Raton, Florida",🇺🇸,fau,https://www.coursicle.com/fau/
Carleton University,"Ottawa, Ontario",🇨🇦,carletonca,https://www.coursicle.com/carletonca/
Washington State University - Pullman,"Pullman, Washington",🇺🇸,wsu,https://www.coursicle.com/wsu/
Weber State University,"Ogden, Utah",🇺🇸,weber,https://www.coursicle.com/weber/
Bakersfield College,"Bakersfield, California",🇺🇸,bakersfieldcollege,https://www.coursicle.com/bakersfieldcollege/
Harvard University,"Cambridge, Massachusetts",🇺🇸,harvard,https://www.coursicle.com/harvard/
Johns Hopkins University,"Baltimore, Maryland",🇺🇸,jhu,https://www.coursicle.com/jhu/
East Los Angeles College,"Monterey Park, California",🇺🇸,elac,https://www.coursicle.com/elac/
University of North Carolina at Charlotte,"Charlotte, North Carolina",🇺🇸,uncc,https://www.coursicle.com/uncc/
Temple University,"Philadelphia, Pennsylvania",🇺🇸,temple,https://www.coursicle.com/temple/
Iowa State University,"Ames, Iowa",🇺🇸,iastate,https://www.coursicle.com/iastate/
University of Iowa,"Iowa City, Iowa",🇺🇸,uiowa,https://www.coursicle.com/uiowa/
University of Manitoba,"Winnipeg, Manitoba",🇨🇦,umanitobaca,https://www.coursicle.com/umanitobaca/
University of Oklahoma,"Norman, Oklahoma",🇺🇸,ou,https://www.coursicle.com/ou/
College of Southern Nevada,"Las Vegas, Nevada",🇺🇸,csn,https://www.coursicle.com/csn/
Clemson University,"Clemson, South Carolina",🇺🇸,clemson,https://www.coursicle.com/clemson/
Mt. San Antonio College,"Walnut, California",🇺🇸,mtsac,https://www.coursicle.com/mtsac/
University of Pennsylvania,"Philadelphia, Pennsylvania",🇺🇸,penn,https://www.coursicle.com/penn/
University of Kansas,"Lawrence, Kansas",🇺🇸,ku,https://www.coursicle.com/ku/
Virginia Commonwealth University,"Richmond, Virginia",🇺🇸,vcu,https://www.coursicle.com/vcu/
Northern Arizona University,"Flagstaff, Arizona",🇺🇸,nau,https://www.coursicle.com/nau/
Utah State University,"Logan, Utah",🇺🇸,usu,https://www.coursicle.com/usu/
"El Paso Community College, Rio Grande","El Paso, Texas",🇺🇸,epccriogrande,https://www.coursicle.com/epccriogrande/
Salt Lake Community College,"Salt Lake City, Utah",🇺🇸,slcc,https://www.coursicle.com/slcc/
University of Connecticut,"Waterbury, Connecticut",🇺🇸,uconn,https://www.coursicle.com/uconn/
East Carolina University,"Greenville, North Carolina",🇺🇸,ecu,https://www.coursicle.com/ecu/
"Salt Lake Community College, Taylorsville Redwood","Taylorsville, Utah",🇺🇸,slcctaylorsvilleredwood,https://www.coursicle.com/slcctaylorsvilleredwood/
Boise State University,"Boise, Idaho",🇺🇸,boisestate,https://www.coursicle.com/boisestate/
Washington State University - Vancouver,"Vancouver, Washington",🇺🇸,vancouverwsu,https://www.coursicle.com/vancouverwsu/
South Texas College,"McAllen, Texas",🇺🇸,southtexascollege,https://www.coursicle.com/southtexascollege/
"University of California, Riverside","Riverside, California",🇺🇸,ucr,https://www.coursicle.com/ucr/
Cornell University,"Ithaca, New York",🇺🇸,cornell,https://www.coursicle.com/cornell/
Kent State University,"New Philadelphia, Ohio",🇺🇸,kent,https://www.coursicle.com/kent/
"University of California, Santa Barbara","Santa Barbara, California",🇺🇸,ucsb,https://www.coursicle.com/ucsb/
Oklahoma State University,"Stillwater, Oklahoma",🇺🇸,okstate,https://www.coursicle.com/okstate/
Georgia Southern University,"Statesboro, Georgia",🇺🇸,georgiasouthern,https://www.coursicle.com/georgiasouthern/
University of Virginia,"Charlottesville, Virginia",🇺🇸,virginia,https://www.coursicle.com/virginia/
Stony Brook University,"Stony Brook, New York",🇺🇸,stonybrook,https://www.coursicle.com/stonybrook/
The George Washington University,"Washington, District of Columbia",🇺🇸,gwu,https://www.coursicle.com/gwu/
Indiana University - Purdue University Indianapolis,"Indianapolis, Indiana",🇺🇸,iupui,https://www.coursicle.com/iupui/
"California State University, Los Angeles","Los Angeles, California",🇺🇸,calstatela,https://www.coursicle.com/calstatela/
Santa Ana College,"Santa Ana, California",🇺🇸,sac,https://www.coursicle.com/sac/
University of Saskatchewan,"Saskatoon, Saskatchewan",🇨🇦,usaskca,https://www.coursicle.com/usaskca/
Ohio University,"Athens, Ohio",🇺🇸,ohio,https://www.coursicle.com/ohio/
"El Paso Community College, Valle Verde","El Paso, Texas",🇺🇸,epccvalleverde,https://www.coursicle.com/epccvalleverde/
Des Moines Area Community College,"Des Moines, Iowa",🇺🇸,dmacc,https://www.coursicle.com/dmacc/
University of Texas at El Paso,"El Paso, Texas",🇺🇸,utep,https://www.coursicle.com/utep/
University of Delaware,"Newark, Delaware",🇺🇸,udel,https://www.coursicle.com/udel/
West Virginia University,"Morgantown, West Virginia",🇺🇸,wvu,https://www.coursicle.com/wvu/
University of Mississippi,"Oxford, Mississippi",🇺🇸,olemiss,https://www.coursicle.com/olemiss/
CUNY School of Professional Studies,"New York, New York",🇺🇸,spscuny,https://www.coursicle.com/spscuny/
University of Nebraska Lincoln,"Lincoln, Nebraska",🇺🇸,unl,https://www.coursicle.com/unl/
"California State University, Fresno","Fresno, California",🇺🇸,fresnostate,https://www.coursicle.com/fresnostate/
San Francisco State University,"San Francisco, California",🇺🇸,sfsu,https://www.coursicle.com/sfsu/
University of Oregon,"Eugene, Oregon",🇺🇸,uoregon,https://www.coursicle.com/uoregon/
